Trial_ID,Larva_ID,Pressure_Level,Type_Stimulus,Prior,Duration_Stimulus,Post,Transducer_factor,State,Plasmid,Cell_labelled,Genotype,Frame_rate,Bin_size,Theta_range
210521_M1_L1_E001,210521_M1_L1,0,Pressure,30,60,30,0.125,positive,pLB316,Ser-h-l/r,WT,200,200,24-60
210521_M1_L1_E002,210521_M1_L1,85,Pressure,30,60,30,0.25,positive,pLB316,Ser-h-l/r,WT,200,200,24-60
210521_M1_L1_E003,210521_M1_L1,556,Pressure,30,60,30,2,positive,pLB316,Ser-h-l/r,WT,200,200,24-60
210521_M1_L2_E001,210521_M1_L2,0,Pressure,30,60,30,0.125,negative,pLB316,unknown,WT,200,200,24-60
210521_M1_L2_E002,210521_M1_L2,556,Pressure,30,60,30,2,negative,pLB316,unknown,WT,200,200,24-60
210521_M1_L2_E003,210521_M1_L2,85,Pressure,30,60,30,0.25,negative,pLB316,unknown,WT,200,200,24-60
210521_M1_L3_E001,210521_M1_L3,85,Pressure,30,60,30,0.25,negative,pLB316,unknown,WT,200,200,24-60
210521_M1_L3_E002,210521_M1_L3,0,Pressure,30,60,30,0.125,negative,pLB316,unknown,WT,200,200,24-60
210521_M1_L3_E003,210521_M1_L3,556,Pressure,30,60,30,2,negative,pLB316,unknown,WT,200,200,24-60
031021_M1_L1_E001,031021_M1_L1,0,Pressure,30,60,30,0.125,negative,pLB316,none,WT,200,200,25-55
031021_M1_L1_E002,031021_M1_L1,237.5,Pressure,30,60,30,0.625,negative,pLB316,none,WT,200,200,25-55
031021_M1_L1_E003,031021_M1_L1,556,Pressure,30,60,30,2,negative,pLB316,none,WT,200,200,25-55
031021_M1_L1_E004,031021_M1_L1,988,Pressure,30,60,30,2,negative,pLB316,none,WT,200,200,25-55
031021_M1_L1_E005,031021_M1_L1,85,Pressure,30,60,30,0.25,negative,pLB316,none,WT,200,200,25-55
031021_M1_L3_E001,031021_M1_L3,0,Pressure,30,60,30,0.125,positive,pLB316,"Ser-h,trunk serotonergic",WT,200,200,25-55
031021_M1_L3_E002,031021_M1_L3,85,Pressure,30,60,30,0.25,positive,pLB316,"Ser-h,trunk serotonergic",WT,200,200,25-55
031021_M1_L3_E003,031021_M1_L3,237.5,Pressure,30,60,30,0.625,positive,pLB316,"Ser-h,trunk serotonergic",WT,200,200,25-55
031021_M1_L3_E004,031021_M1_L3,556,Pressure,30,60,30,2,positive,pLB316,"Ser-h,trunk serotonergic",WT,200,200,25-55
031021_M1_L3_E005,031021_M1_L3,988,Pressure,30,60,30,2,positive,pLB316,"Ser-h,trunk serotonergic",WT,200,200,25-55
041121_M1_L1_E001,041121_M1_L1,0,Pressure,30,60,30,0.125,weak,pLB316,Ser-tr,WT,200,200,24-60
041121_M1_L1_E002,041121_M1_L1,85,Pressure,30,60,30,0.25,weak,pLB316,Ser-tr,WT,200,200,24-60
041121_M1_L1_E003,041121_M1_L1,556,Pressure,30,60,30,2,weak,pLB316,Ser-tr,WT,200,200,24-60
041121_M1_L1_E004,041121_M1_L1,237.5,Pressure,30,60,30,0.625,weak,pLB316,Ser-tr,WT,200,200,24-60
041121_M1_L1_E005-2,041121_M1_L1,988,Pressure,30,60,30,2,weak,pLB316,Ser-tr,WT,200,200,24-60
041121_M1_L2_E001,041121_M1_L2,237.5,Pressure,30,60,30,0.625,positive,pLB316,Ser-h,WT,200,200,25-60
041121_M1_L2_E002,041121_M1_L2,85,Pressure,30,60,30,0.25,positive,pLB316,Ser-h,WT,200,200,25-60
041121_M1_L2_E003,041121_M1_L2,988,Pressure,30,60,30,2,positive,pLB316,Ser-h,WT,200,200,25-60
041121_M1_L2_E004,041121_M1_L2,0,Pressure,30,60,30,0.125,positive,pLB316,Ser-h,WT,200,200,25-60
041121_M1_L2_E005,041121_M1_L2,556,Pressure,30,60,30,2,positive,pLB316,Ser-h,WT,200,200,25-60
041121_M1_L4_E001,041121_M1_L4,0,Pressure,30,60,30,0.125,positive,pLB316,"Ser-h-r,ser-tr-r",WT,200,200,24-60
041121_M1_L4_E002,041121_M1_L4,237.5,Pressure,30,60,30,0.625,positive,pLB316,"Ser-h-r,ser-tr-r",WT,200,200,24-60
041121_M1_L4_E003,041121_M1_L4,85,Pressure,30,60,30,0.25,positive,pLB316,"Ser-h-r,ser-tr-r",WT,200,200,24-60
041121_M1_L4_E004,041121_M1_L4,556,Pressure,30,60,30,2,positive,pLB316,"Ser-h-r,ser-tr-r",WT,200,200,24-60
041121_M1_L4_E005,041121_M1_L4,988,Pressure,30,60,30,2,positive,pLB316,"Ser-h-r,ser-tr-r",WT,200,200,24-60
101121_M1_L1_E001,101121_M1_L1,237.5,Pressure,30,60,30,0.625,weak,pLB316,"Ser-h-r,trunk motorneurons",WT,200,200,19-55
101121_M1_L1_E002,101121_M1_L1,988,Pressure,30,60,30,2,weak,pLB316,"Ser-h-r,trunk motorneurons",WT,200,200,19-55
101121_M1_L1_E003,101121_M1_L1,556,Pressure,30,60,30,2,weak,pLB316,"Ser-h-r,trunk motorneurons",WT,200,200,19-55
101121_M1_L1_E004,101121_M1_L1,85,Pressure,30,60,30,0.25,weak,pLB316,"Ser-h-r,trunk motorneurons",WT,200,200,19-55
101121_M1_L1_E005,101121_M1_L1,0,Pressure,30,60,30,0.125,weak,pLB316,"Ser-h-r,trunk motorneurons",WT,200,200,19-55
101121_M1_L2_E001,101121_M1_L2,988,Pressure,30,60,30,2,positive,pLB316,"Ser-h, ser-tr-r",WT,200,200,19-60
101121_M1_L2_E002,101121_M1_L2,237.5,Pressure,30,60,30,0.625,positive,pLB316,"Ser-h, ser-tr-r",WT,200,200,19-60
101121_M1_L2_E003,101121_M1_L2,85,Pressure,30,60,30,0.25,positive,pLB316,"Ser-h, ser-tr-r",WT,200,200,19-60
101121_M1_L2_E004,101121_M1_L2,0,Pressure,30,60,30,0.125,positive,pLB316,"Ser-h, ser-tr-r",WT,200,200,19-60
101121_M1_L2_E005,101121_M1_L2,556,Pressure,30,60,30,2,positive,pLB316,"Ser-h, ser-tr-r",WT,200,200,19-60
101121_M1_L3_E001,101121_M1_L3,556,Pressure,30,60,30,2,weak,pLB316,"Ser-h,ser-tr-r",WT,200,200,20-71
101121_M1_L3_E002-2,101121_M1_L3,988,Pressure,30,60,30,2,weak,pLB316,"Ser-h,ser-tr-r",WT,200,200,20-71
101121_M1_L3_E003,101121_M1_L3,237.5,Pressure,30,60,30,0.625,weak,pLB316,"Ser-h,ser-tr-r",WT,200,200,20-71
101121_M1_L3_E004,101121_M1_L3,0,Pressure,30,60,30,0.125,weak,pLB316,"Ser-h,ser-tr-r",WT,200,200,20-71
101121_M1_L3_E005,101121_M1_L3,85,Pressure,30,60,30,0.25,weak,pLB316,"Ser-h,ser-tr-r",WT,200,200,20-71
211121_M1_L1_E001,211121_M1_L1,0,Pressure,30,60,30,0.125,weak,pLB316,"Ser-h-r,ser-tr",WT,200,200,30-61
211121_M1_L1_E002,211121_M1_L1,988,Pressure,30,60,30,2,weak,pLB316,"Ser-h-r,ser-tr",WT,200,200,30-61
211121_M1_L1_E003,211121_M1_L1,85,Pressure,30,60,30,0.25,weak,pLB316,"Ser-h-r,ser-tr",WT,200,200,30-61
211121_M1_L1_E004,211121_M1_L1,556,Pressure,30,60,30,2,weak,pLB316,"Ser-h-r,ser-tr",WT,200,200,30-61
211121_M1_L1_E005,211121_M1_L1,237.5,Pressure,30,60,30,0.625,weak,pLB316,"Ser-h-r,ser-tr",WT,200,200,30-61
211121_M1_L2_E001,211121_M1_L2,556,Pressure,30,60,30,2,positive,pLB316,"Ser-h-r,tr-l",WT,200,200,30-60
211121_M1_L2_E002,211121_M1_L2,988,Pressure,30,60,30,2,positive,pLB316,"Ser-h-r,tr-l",WT,200,200,30-60
211121_M1_L2_E003,211121_M1_L2,0,Pressure,30,60,30,0.125,positive,pLB316,"Ser-h-r,tr-l",WT,200,200,30-60
211121_M1_L2_E004,211121_M1_L2,237.5,Pressure,30,60,30,0.625,positive,pLB316,"Ser-h-r,tr-l",WT,200,200,30-60
211121_M1_L2_E005,211121_M1_L2,85,Pressure,30,60,30,0.25,positive,pLB316,"Ser-h-r,tr-l",WT,200,200,30-60
211121_M1_L3_E001,211121_M1_L3,988,Pressure,30,60,30,2,positive,pLB316,"Ser-h-r,ser-tr",WT,200,200,30-60
211121_M1_L3_E002,211121_M1_L3,237.5,Pressure,30,60,30,0.625,positive,pLB316,"Ser-h-r,ser-tr",WT,200,200,30-60
211121_M1_L3_E003,211121_M1_L3,85,Pressure,30,60,30,0.25,positive,pLB316,"Ser-h-r,ser-tr",WT,200,200,30-60
211121_M1_L3_E004,211121_M1_L3,556,Pressure,30,60,30,2,positive,pLB316,"Ser-h-r,ser-tr",WT,200,200,30-60
211121_M1_L3_E005,211121_M1_L3,0,Pressure,30,60,30,0.125,positive,pLB316,"Ser-h-r,ser-tr",WT,200,200,30-60
020222_M1_L1_E001,020222_M1_L1,237.5,Pressure,30,60,30,0.625,positive,pLB316,"Ser-h-r,ser-tr",WT,200,200,25-60
020222_M1_L1_E002,020222_M1_L1,85,Pressure,30,60,30,0.25,positive,pLB316,"Ser-h-r,ser-tr",WT,200,200,25-60
020222_M1_L1_E003,020222_M1_L1,988,Pressure,30,60,30,2,positive,pLB316,"Ser-h-r,ser-tr",WT,200,200,25-60
020222_M1_L1_E004,020222_M1_L1,0,Pressure,30,60,30,0.125,positive,pLB316,"Ser-h-r,ser-tr",WT,200,200,25-60
020222_M1_L1_E005,020222_M1_L1,556,Pressure,30,60,30,2,positive,pLB316,"Ser-h-r,ser-tr",WT,200,200,25-60
060222_M1_L1_E001,060222_M1_L1,556,Pressure,30,60,30,2,negative,pLB316,Ser-tr,WT,200,200,30-60
060222_M1_L1_E002,060222_M1_L1,85,Pressure,30,60,30,0.25,negative,pLB316,Ser-tr,WT,200,200,30-60
060222_M1_L1_E003,060222_M1_L1,237.5,Pressure,30,60,30,0.625,negative,pLB316,Ser-tr,WT,200,200,30-60
060222_M1_L1_E004,060222_M1_L1,988,Pressure,30,60,30,2,negative,pLB316,Ser-tr,WT,200,200,30-60
060222_M1_L1_E005,060222_M1_L1,0,Pressure,30,60,30,0.125,negative,pLB316,Ser-tr,WT,200,200,30-60
060222_M1_L2_E001,060222_M1_L2,556,Pressure,30,60,30,2,positive,pLB316,Ser-h-r,WT,200,200,30-65
060222_M1_L2_E002,060222_M1_L2,85,Pressure,30,60,30,0.25,positive,pLB316,Ser-h-r,WT,200,200,30-65
060222_M1_L2_E003,060222_M1_L2,237.5,Pressure,30,60,30,0.625,positive,pLB316,Ser-h-r,WT,200,200,30-65
060222_M1_L2_E004,060222_M1_L2,988,Pressure,30,60,30,2,positive,pLB316,Ser-h-r,WT,200,200,30-65
060222_M1_L2_E005,060222_M1_L2,0,Pressure,30,60,30,0.125,positive,pLB316,Ser-h-r,WT,200,200,30-65
060222_M1_L3_E001,060222_M1_L3,85,Pressure,30,60,30,0.25,positive,pLB316,"Ser-h-r,ser-tr",WT,200,200,30-70
060222_M1_L3_E002-2,060222_M1_L3,988,Pressure,30,60,30,2,positive,pLB316,"Ser-h-r,ser-tr",WT,200,200,30-70
060222_M1_L3_E003,060222_M1_L3,556,Pressure,30,60,30,2,positive,pLB316,"Ser-h-r,ser-tr",WT,200,200,30-70
060222_M1_L3_E004,060222_M1_L3,0,Pressure,30,60,30,0.125,positive,pLB316,"Ser-h-r,ser-tr",WT,200,200,30-70
060222_M1_L3_E005,060222_M1_L3,237.5,Pressure,30,60,30,0.625,positive,pLB316,"Ser-h-r,ser-tr",WT,200,200,30-70
060222_M1_L4_E001,060222_M1_L4,237.5,Pressure,30,60,30,0.625,weak,pLB316,"Ser-h-r,ser-tr",WT,200,200,30-67
060222_M1_L4_E002,060222_M1_L4,556,Pressure,30,60,30,2,weak,pLB316,"Ser-h-r,ser-tr",WT,200,200,30-67
060222_M1_L4_E003,060222_M1_L4,988,Pressure,30,60,30,2,weak,pLB316,"Ser-h-r,ser-tr",WT,200,200,30-67
060222_M1_L4_E004,060222_M1_L4,0,Pressure,30,60,30,0.125,weak,pLB316,"Ser-h-r,ser-tr",WT,200,200,30-67
060222_M1_L4_E005,060222_M1_L4,85,Pressure,30,60,30,0.25,weak,pLB316,"Ser-h-r,ser-tr",WT,200,200,30-67
090222_M1_L1_E001,090222_M1_L1,0,Pressure,30,60,30,0.125,positive,pLB316,"Ser-h-r,ser-tr",WT,200,200,18-60
090222_M1_L1_E002,090222_M1_L1,556,Pressure,30,60,30,2,positive,pLB316,"Ser-h-r,ser-tr",WT,200,200,18-60
090222_M1_L1_E003,090222_M1_L1,85,Pressure,30,60,30,0.25,positive,pLB316,"Ser-h-r,ser-tr",WT,200,200,18-60
090222_M1_L1_E004,090222_M1_L1,237.5,Pressure,30,60,30,0.625,positive,pLB316,"Ser-h-r,ser-tr",WT,200,200,18-60
090222_M1_L1_E005,090222_M1_L1,988,Pressure,30,60,30,2,positive,pLB316,"Ser-h-r,ser-tr",WT,200,200,18-60
090222_M1_L2_E001,090222_M1_L2,0,Pressure,30,60,30,0.125,weak,pLB316,"Serh-r,trunk_ser",WT,200,200,24-60
090222_M1_L2_E002,090222_M1_L2,988,Pressure,30,60,30,2,weak,pLB316,"Serh-r,trunk_ser",WT,200,200,24-60
090222_M1_L2_E003,090222_M1_L2,556,Pressure,30,60,30,2,weak,pLB316,"Serh-r,trunk_ser",WT,200,200,24-60
090222_M1_L2_E004,090222_M1_L2,85,Pressure,30,60,30,0.25,weak,pLB316,"Serh-r,trunk_ser",WT,200,200,24-60
090222_M1_L2_E005,090222_M1_L2,237.5,Pressure,30,60,30,0.625,weak,pLB316,"Serh-r,trunk_ser",WT,200,200,24-60
090222_M1_L3_E001,090222_M1_L3,988,Pressure,30,60,30,2,weak,pLB316,"Serh-r,trunk_ser",WT,200,200,25-68
090222_M1_L3_E002,090222_M1_L3,85,Pressure,30,60,30,0.25,weak,pLB316,"Serh-r,trunk_ser",WT,200,200,25-68
090222_M1_L3_E003,090222_M1_L3,556,Pressure,30,60,30,2,weak,pLB316,"Serh-r,trunk_ser",WT,200,200,25-68
090222_M1_L3_E004,090222_M1_L3,0,Pressure,30,60,30,0.125,weak,pLB316,"Serh-r,trunk_ser",WT,200,200,25-68
090222_M1_L3_E005,090222_M1_L3,237.5,Pressure,30,60,30,0.625,weak,pLB316,"Serh-r,trunk_ser",WT,200,200,25-68
090222_M1_L4_E001,090222_M1_L4,0,Pressure,30,60,30,0.125,negative,pLB316,trunk_ser,WT,200,200,30-65
090222_M1_L4_E002,090222_M1_L4,237.5,Pressure,30,60,30,0.625,negative,pLB316,trunk_ser,WT,200,200,30-65
090222_M1_L4_E003,090222_M1_L4,85,Pressure,30,60,30,0.25,negative,pLB316,trunk_ser,WT,200,200,30-65
090222_M1_L4_E004,090222_M1_L4,988,Pressure,30,60,30,2,negative,pLB316,trunk_ser,WT,200,200,30-65
090222_M1_L4_E005,090222_M1_L4,556,Pressure,30,60,30,2,negative,pLB316,trunk_ser,WT,200,200,30-65
130222_M1_L1_E001,130222_M1_L1,0,Pressure,30,60,30,0.125,positive,pLB316,Ser-h-r/ser-tr,WT,200,200,24-60
130222_M1_L1_E002,130222_M1_L1,237.5,Pressure,30,60,30,0.625,positive,pLB316,Ser-h-r/ser-tr,WT,200,200,24-60
130222_M1_L1_E003,130222_M1_L1,556,Pressure,30,60,30,2,positive,pLB316,Ser-h-r/ser-tr,WT,200,200,24-60
130222_M1_L1_E004,130222_M1_L1,988,Pressure,30,60,30,2,positive,pLB316,Ser-h-r/ser-tr,WT,200,200,24-60
130222_M1_L1_E005,130222_M1_L1,85,Pressure,30,60,30,0.25,positive,pLB316,Ser-h-r/ser-tr,WT,200,200,24-60
130222_M1_L2_E001,130222_M1_L2,0,Pressure,30,60,30,0.125,weak,pLB316,Ser-h-r/ser-tr,WT,200,200,25-60
130222_M1_L2_E002,130222_M1_L2,988,Pressure,30,60,30,2,weak,pLB316,Ser-h-r/ser-tr,WT,200,200,25-60
130222_M1_L2_E003,130222_M1_L2,237.5,Pressure,30,60,30,0.625,weak,pLB316,Ser-h-r/ser-tr,WT,200,200,25-60
130222_M1_L2_E004,130222_M1_L2,556,Pressure,30,60,30,2,weak,pLB316,Ser-h-r/ser-tr,WT,200,200,25-60
130222_M1_L2_E005,130222_M1_L2,85,Pressure,30,60,30,0.25,weak,pLB316,Ser-h-r/ser-tr,WT,200,200,25-60
130222_M1_L3_E001,130222_M1_L3,237.5,Pressure,30,60,30,0.625,positive,pLB316,Ser-h/trunk_ser,WT,200,200,17-60
130222_M1_L3_E002,130222_M1_L3,556,Pressure,30,60,30,2,positive,pLB316,Ser-h/trunk_ser,WT,200,200,17-60
130222_M1_L3_E003,130222_M1_L3,988,Pressure,30,60,30,2,positive,pLB316,Ser-h/trunk_ser,WT,200,200,17-60
130222_M1_L3_E004,130222_M1_L3,0,Pressure,30,60,30,0.125,positive,pLB316,Ser-h/trunk_ser,WT,200,200,17-60
130222_M1_L3_E005,130222_M1_L3,85,Pressure,30,60,30,0.25,positive,pLB316,Ser-h/trunk_ser,WT,200,200,17-60
130222_M1_L4_E001,130222_M1_L4,556,Pressure,30,60,30,2,weak,pLB316,Ser-h/ser-tr,WT,200,200,18-47
130222_M1_L4_E002,130222_M1_L4,0,Pressure,30,60,30,0.125,weak,pLB316,Ser-h/ser-tr,WT,200,200,18-47
130222_M1_L4_E003,130222_M1_L4,237.5,Pressure,30,60,30,0.625,weak,pLB316,Ser-h/ser-tr,WT,200,200,18-47
130222_M1_L4_E004,130222_M1_L4,85,Pressure,30,60,30,0.25,weak,pLB316,Ser-h/ser-tr,WT,200,200,18-47
130222_M1_L4_E005,130222_M1_L4,988,Pressure,30,60,30,2,weak,pLB316,Ser-h/ser-tr,WT,200,200,18-47
160222_M1_L1_E001,160222_M1_L1,237.5,Pressure,30,60,30,0.625,weak,pLB316,Ser-tr,WT,200,200,16.5-50
160222_M1_L1_E002,160222_M1_L1,0,Pressure,30,60,30,0.125,weak,pLB316,Ser-tr,WT,200,200,16.5-50
160222_M1_L1_E003,160222_M1_L1,556,Pressure,30,60,30,2,weak,pLB316,Ser-tr,WT,200,200,16.5-50
160222_M1_L1_E004,160222_M1_L1,85,Pressure,30,60,30,0.25,weak,pLB316,Ser-tr,WT,200,200,16.5-50
160222_M1_L1_E005,160222_M1_L1,988,Pressure,30,60,30,2,weak,pLB316,Ser-tr,WT,200,200,16.5-50
160222_M1_L2_E001,160222_M1_L2,988,Pressure,30,60,30,2,positive,pLB316,Ser-h/ser-tr,WT,200,200,20-60
160222_M1_L2_E002,160222_M1_L2,85,Pressure,30,60,30,0.25,positive,pLB316,Ser-h/ser-tr,WT,200,200,20-60
160222_M1_L2_E003,160222_M1_L2,556,Pressure,30,60,30,2,positive,pLB316,Ser-h/ser-tr,WT,200,200,20-60
160222_M1_L2_E004,160222_M1_L2,0,Pressure,30,60,30,0.125,positive,pLB316,Ser-h/ser-tr,WT,200,200,20-60
160222_M1_L2_E005,160222_M1_L2,237.5,Pressure,30,60,30,0.625,positive,pLB316,Ser-h/ser-tr,WT,200,200,20-60
160222_M1_L3_E001,160222_M1_L3,988,Pressure,30,60,30,2,positive,pLB316,Ser-h/ser-tr,WT,200,200,30-60
160222_M1_L3_E002,160222_M1_L3,556,Pressure,30,60,30,2,positive,pLB316,Ser-h/ser-tr,WT,200,200,30-60
160222_M1_L3_E003,160222_M1_L3,0,Pressure,30,60,30,0.125,positive,pLB316,Ser-h/ser-tr,WT,200,200,30-60
160222_M1_L3_E004,160222_M1_L3,85,Pressure,30,60,30,0.25,positive,pLB316,Ser-h/ser-tr,WT,200,200,30-60
160222_M1_L3_E005,160222_M1_L3,237.5,Pressure,30,60,30,0.625,positive,pLB316,Ser-h/ser-tr,WT,200,200,30-60
270222_M1_L1_E001,270222_M1_L1,85,Pressure,30,60,30,0.25,negative,pLB316,Ser-tr-r,WT,200,200,25-60
270222_M1_L1_E002,270222_M1_L1,0,Pressure,30,60,30,0.125,negative,pLB316,Ser-tr-r,WT,200,200,25-60
270222_M1_L1_E003,270222_M1_L1,988,Pressure,30,60,30,2,negative,pLB316,Ser-tr-r,WT,200,200,25-60
270222_M1_L1_E004,270222_M1_L1,556,Pressure,30,60,30,2,negative,pLB316,Ser-tr-r,WT,200,200,25-60
270222_M1_L1_E005,270222_M1_L1,237.5,Pressure,30,60,30,0.625,negative,pLB316,Ser-tr-r,WT,200,200,25-60
270222_M1_L3_E001,270222_M1_L3,85,Pressure,30,60,30,0.25,positive,pLB316,Ser-h/ser-tr,WT,200,200,24-60
270222_M1_L3_E002,270222_M1_L3,237.5,Pressure,30,60,30,0.625,positive,pLB316,Ser-h/ser-tr,WT,200,200,24-60
270222_M1_L3_E003,270222_M1_L3,0,Pressure,30,60,30,0.125,positive,pLB316,Ser-h/ser-tr,WT,200,200,24-60
270222_M1_L3_E004,270222_M1_L3,556,Pressure,30,60,30,2,positive,pLB316,Ser-h/ser-tr,WT,200,200,24-60
270222_M1_L3_E005,270222_M1_L3,988,Pressure,30,60,30,2,positive,pLB316,Ser-h/ser-tr,WT,200,200,24-60
131022_M1_L1_E001,131022_M1_L1,556,Pressure,30,60,30,2,positive,pLB253,Ser-h/ser-tr,WT,200,200,30-60
131022_M1_L1_E002-2,131022_M1_L1,85,Pressure,30,60,30,0.25,positive,pLB253,Ser-h/ser-tr,WT,200,200,30-60
131022_M1_L1_E003,131022_M1_L1,988,Pressure,30,60,30,2,positive,pLB253,Ser-h/ser-tr,WT,200,200,30-60
131022_M1_L1_E004,131022_M1_L1,237.5,Pressure,30,60,30,0.625,positive,pLB253,Ser-h/ser-tr,WT,200,200,30-60
131022_M1_L1_E005,131022_M1_L1,0,Pressure,30,60,30,0.125,positive,pLB253,Ser-h/ser-tr,WT,200,200,30-60
131022_M1_L3_E001,131022_M1_L3,85,Pressure,30,60,30,0.25,positive,pLB253,Ser-h/ser-tr,WT,200,200,30-60
131022_M1_L3_E002,131022_M1_L3,0,Pressure,30,60,30,0.125,positive,pLB253,Ser-h/ser-tr,WT,200,200,30-60
131022_M1_L3_E003,131022_M1_L3,988,Pressure,30,60,30,2,positive,pLB253,Ser-h/ser-tr,WT,200,200,30-60
131022_M1_L3_E004,131022_M1_L3,556,Pressure,30,60,30,2,positive,pLB253,Ser-h/ser-tr,WT,200,200,30-60
131022_M1_L3_E005,131022_M1_L3,237.5,Pressure,30,60,30,0.625,positive,pLB253,Ser-h/ser-tr,WT,200,200,30-60
161022_M1_L1_E001,161022_M1_L1,556,Pressure,30,60,30,2,positive,pLB253,Ser-h,WT,200,200,30-60
161022_M1_L1_E002,161022_M1_L1,988,Pressure,30,60,30,2,positive,pLB253,Ser-h,WT,200,200,30-60
161022_M1_L1_E003,161022_M1_L1,85,Pressure,30,60,30,0.25,positive,pLB253,Ser-h,WT,200,200,30-60
161022_M1_L1_E004,161022_M1_L1,237.5,Pressure,30,60,30,0.625,positive,pLB253,Ser-h,WT,200,200,30-60
161022_M1_L1_E005,161022_M1_L1,0,Pressure,30,60,30,0.125,positive,pLB253,Ser-h,WT,200,200,30-60
171022_M1_L1_E001,171022_M1_L1,556,Pressure,30,60,30,2,positive,pLB253,Ser-h,WT,200,200,25-50
171022_M1_L1_E002,171022_M1_L1,988,Pressure,30,60,30,2,positive,pLB253,Ser-h,WT,200,200,25-50
171022_M1_L1_E003,171022_M1_L1,85,Pressure,30,60,30,0.25,positive,pLB253,Ser-h,WT,200,200,25-50
171022_M1_L1_E004,171022_M1_L1,0,Pressure,30,60,30,0.125,positive,pLB253,Ser-h,WT,200,200,25-50
171022_M1_L1_E005,171022_M1_L1,237.5,Pressure,30,60,30,0.625,positive,pLB253,Ser-h,WT,200,200,25-50
171022_M1_L2_E001,171022_M1_L2,85,Pressure,30,60,30,0.25,positive,pLB253,Ser-h,WT,200,200,25-60
171022_M1_L2_E002,171022_M1_L2,988,Pressure,30,60,30,2,positive,pLB253,Ser-h,WT,200,200,25-60
171022_M1_L2_E003,171022_M1_L2,556,Pressure,30,60,30,2,positive,pLB253,Ser-h,WT,200,200,25-60
171022_M1_L2_E004,171022_M1_L2,0,Pressure,30,60,30,0.125,positive,pLB253,Ser-h,WT,200,200,25-60
171022_M1_L2_E005,171022_M1_L2,237.5,Pressure,30,60,30,0.625,positive,pLB253,Ser-h,WT,200,200,25-60
201022_M1_L2_E001,201022_M1_L2,237.5,Pressure,30,60,30,0.625,positive,pLB253,Ser-h,WT,200,200,22-70
201022_M1_L2_E002,201022_M1_L2,85,Pressure,30,60,30,0.25,positive,pLB253,Ser-h,WT,200,200,22-70
201022_M1_L2_E003,201022_M1_L2,988,Pressure,30,60,30,2,positive,pLB253,Ser-h,WT,200,200,22-70
201022_M1_L2_E004,201022_M1_L2,556,Pressure,30,60,30,2,positive,pLB253,Ser-h,WT,200,200,22-70
201022_M1_L2_E005,201022_M1_L2,0,Pressure,30,60,30,0.125,positive,pLB253,Ser-h,WT,200,200,22-70
231022_M1_L1_E001,231022_M1_L1,556,Pressure,30,60,30,2,positive,pLB253,Ser-h/ser-tr,WT,200,200,25-61
231022_M1_L1_E002,231022_M1_L1,85,Pressure,30,60,30,0.25,positive,pLB253,Ser-h/ser-tr,WT,200,200,25-61
231022_M1_L1_E003,231022_M1_L1,988,Pressure,30,60,30,2,positive,pLB253,Ser-h/ser-tr,WT,200,200,25-61
231022_M1_L1_E004,231022_M1_L1,0,Pressure,30,60,30,0.125,positive,pLB253,Ser-h/ser-tr,WT,200,200,25-61
231022_M1_L1_E005,231022_M1_L1,237.5,Pressure,30,60,30,0.625,positive,pLB253,Ser-h/ser-tr,WT,200,200,25-61
231022_M1_L2_E001,231022_M1_L2,85,Pressure,30,60,30,0.25,positive,pLB253,Ser-h,WT,200,200,25-61
231022_M1_L2_E002,231022_M1_L2,988,Pressure,30,60,30,2,positive,pLB253,Ser-h,WT,200,200,25-61
231022_M1_L2_E003,231022_M1_L2,0,Pressure,30,60,30,0.125,positive,pLB253,Ser-h,WT,200,200,25-61
231022_M1_L2_E004,231022_M1_L2,237.5,Pressure,30,60,30,0.625,positive,pLB253,Ser-h,WT,200,200,25-61
231022_M1_L2_E005,231022_M1_L2,556,Pressure,30,60,30,2,positive,pLB253,Ser-h,WT,200,200,25-61
231022_M1_L4_E001,231022_M1_L4,237.5,Pressure,30,60,30,0.625,positive,pLB253,Ser-h/ser-tr,WT,200,200,25-60
231022_M1_L4_E002,231022_M1_L4,556,Pressure,30,60,30,2,positive,pLB253,Ser-h/ser-tr,WT,200,200,25-60
231022_M1_L4_E003,231022_M1_L4,0,Pressure,30,60,30,0.125,positive,pLB253,Ser-h/ser-tr,WT,200,200,25-60
231022_M1_L4_E004,231022_M1_L4,85,Pressure,30,60,30,0.25,positive,pLB253,Ser-h/ser-tr,WT,200,200,25-60
231022_M1_L4_E005,231022_M1_L4,988,Pressure,30,60,30,2,positive,pLB253,Ser-h/ser-tr,WT,200,200,25-60
301022_M1_L1_E001,301022_M1_L1,85,Pressure,30,60,30,0.25,positive,pLB253,Ser-h/ser-tr,WT,200,200,25-46
301022_M1_L1_E002,301022_M1_L1,988,Pressure,30,60,30,2,positive,pLB253,Ser-h/ser-tr,WT,200,200,25-46
301022_M1_L1_E003,301022_M1_L1,556,Pressure,30,60,30,2,positive,pLB253,Ser-h/ser-tr,WT,200,200,25-46
301022_M1_L1_E004,301022_M1_L1,237.5,Pressure,30,60,30,0.625,positive,pLB253,Ser-h/ser-tr,WT,200,200,25-46
301022_M1_L1_E005,301022_M1_L1,0,Pressure,30,60,30,0.125,positive,pLB253,Ser-h/ser-tr,WT,200,200,25-46
301022_M1_L2_E001-2,301022_M1_L2,988,Pressure,30,60,30,2,positive,pLB253,Ser-h,WT,200,200,25-63
301022_M1_L2_E002,301022_M1_L2,0,Pressure,30,60,30,0.125,positive,pLB253,Ser-h,WT,200,200,25-63
301022_M1_L2_E003,301022_M1_L2,237.5,Pressure,30,60,30,0.625,positive,pLB253,Ser-h,WT,200,200,25-63
301022_M1_L2_E004,301022_M1_L2,85,Pressure,30,60,30,0.25,positive,pLB253,Ser-h,WT,200,200,25-63
301022_M1_L2_E005,301022_M1_L2,556,Pressure,30,60,30,2,positive,pLB253,Ser-h,WT,200,200,25-63
301022_M1_L3_E001,301022_M1_L3,556,Pressure,30,60,30,2,positive,pLB253,Ser-h,WT,200,200,25-60
301022_M1_L3_E002,301022_M1_L3,0,Pressure,30,60,30,0.125,positive,pLB253,Ser-h,WT,200,200,25-60
301022_M1_L3_E003,301022_M1_L3,237.5,Pressure,30,60,30,0.625,positive,pLB253,Ser-h,WT,200,200,25-60
301022_M1_L3_E004,301022_M1_L3,85,Pressure,30,60,30,0.25,positive,pLB253,Ser-h,WT,200,200,25-60
301022_M1_L3_E005,301022_M1_L3,988,Pressure,30,60,30,2,positive,pLB253,Ser-h,WT,200,200,25-60
311022_M1_L1_E001,311022_M1_L1,85,Pressure,30,60,30,0.25,positive,pLB253,Ser-h,WT,200,200,29-54
311022_M1_L1_E002,311022_M1_L1,988,Pressure,30,60,30,2,positive,pLB253,Ser-h,WT,200,200,29-54
311022_M1_L1_E003,311022_M1_L1,556,Pressure,30,60,30,2,positive,pLB253,Ser-h,WT,200,200,29-54
311022_M1_L1_E004,311022_M1_L1,237.5,Pressure,30,60,30,0.625,positive,pLB253,Ser-h,WT,200,200,29-54
311022_M1_L1_E005,311022_M1_L1,0,Pressure,30,60,30,0.125,positive,pLB253,Ser-h,WT,200,200,29-54
311022_M1_L2_E001,311022_M1_L2,988,Pressure,30,60,30,2,positive,pLB253,Ser-h,WT,200,200,28-60
311022_M1_L2_E002,311022_M1_L2,0,Pressure,30,60,30,0.125,positive,pLB253,Ser-h,WT,200,200,28-60
311022_M1_L2_E003,311022_M1_L2,85,Pressure,30,60,30,0.25,positive,pLB253,Ser-h,WT,200,200,28-60
311022_M1_L2_E004,311022_M1_L2,556,Pressure,30,60,30,2,positive,pLB253,Ser-h,WT,200,200,28-60
311022_M1_L2_E005,311022_M1_L2,237.5,Pressure,30,60,30,0.625,positive,pLB253,Ser-h,WT,200,200,28-60
311022_M1_L3_E001,311022_M1_L3,85,Pressure,30,60,30,0.25,positive,pLB253,Ser-h,WT,200,200,25-60
311022_M1_L3_E002,311022_M1_L3,237.5,Pressure,30,60,30,0.625,positive,pLB253,Ser-h,WT,200,200,25-60
311022_M1_L3_E003,311022_M1_L3,0,Pressure,30,60,30,0.125,positive,pLB253,Ser-h,WT,200,200,25-60
311022_M1_L3_E004,311022_M1_L3,556,Pressure,30,60,30,2,positive,pLB253,Ser-h,WT,200,200,25-60
311022_M1_L3_E005,311022_M1_L3,988,Pressure,30,60,30,2,positive,pLB253,Ser-h,WT,200,200,25-60
311022_M1_L4_E001,311022_M1_L4,85,Pressure,30,60,30,0.25,positive,pLB253,Ser-h,WT,200,200,30-60
311022_M1_L4_E002,311022_M1_L4,988,Pressure,30,60,30,2,positive,pLB253,Ser-h,WT,200,200,30-60
311022_M1_L4_E003,311022_M1_L4,0,Pressure,30,60,30,0.125,positive,pLB253,Ser-h,WT,200,200,30-60
311022_M1_L4_E004,311022_M1_L4,237.5,Pressure,30,60,30,0.625,positive,pLB253,Ser-h,WT,200,200,30-60
311022_M1_L4_E005,311022_M1_L4,556,Pressure,30,60,30,2,positive,pLB253,Ser-h,WT,200,200,30-60
